/people.html    /people/

# Blog post redirects
/posts/:date    /blog/:date
/blog/role-labels    /blog/2025-04-10
/blog/seeing-headmates    /blog/2025-01-27
/blog/xenoblade    /blog/2025-12-18

# Vi - Kit name change
/people/vi    /people/kit
/people/vi.html    /people/kit
/people/pi    /people/kit
/people/pi.html    /people/kit
/media/avatars/vi.png    /media/avatars/kit.png
/media/avatars/vi-alt.png    /media/avatars/kit-alt.png
/media/banners/vi.png    /media/banners/kit.png


# Nina - Mel name change
/people/nina    /people/mel
/people/nina.html    /people/mel

# Director - Vale name change
/people/director.html    /people/vale
/people/director    /people/vale
/media/avatars/director.png    /media/avatars/vale.png
/media/avatars/director-alt.png    /media/avatars/vale-alt.png

# Miriam - Natt for the sake of not default gendering
/people/miriam.html    /people/natt
/people/miriam    /people/natt
/people/mikhael.html    /people/natt
/people/mikhael    /people/natt
/media/avatars/miriam.png    /media/avatars/natt-fem.png
/media/avatars/miriam-alt.png    /media/avatars/natt-fem-alt.png
/media/avatars/mikhael.png    /media/avatars/natt-masc.png
/media/avatars/mikhael-alt.png    /media/avatars/natt-masc-alt.png